Entity,Code,Year,Suspended Particulate Matter (SPM) (Fouquet and DPCC (2011))
London,,1700,259.7402597
London,,1750,357.1428571
London,,1800,389.6103896
London,,1850,558.4415584
London,,1900,571.4285714
London,,1950,209.0909091
London,,2016,16.0
