Entity,Code,Year,PLF
World,OWID_WRL,1950,60.8695652
World,OWID_WRL,1960,59.23913039999999
World,OWID_WRL,1970,54.8237353
World,OWID_WRL,1980,63.1780326
World,OWID_WRL,1990,67.6312212
World,OWID_WRL,2000,71.0701581
World,OWID_WRL,2010,78.17018639999999
World,OWID_WRL,2021,67.6752312
