Entity,Code,Year,"Meat, poultry | 00002734 || Food available for consumption | 0674pc || grams of protein per day per capita","Meat, pig | 00002733 || Food available for consumption | 0674pc || grams of protein per day per capita","Meat, beef | 00002731 || Food available for consumption | 0674pc || grams of protein per day per capita","Meat, sheep and goat | 00002732 || Food available for consumption | 0674pc || grams of protein per day per capita","Meat, Other | 00002735 || Food available for consumption | 0674pc || grams of protein per day per capita",All egg products | 00002744 || Food available for consumption | 0674pc || grams of protein per day per capita,Milk - Excluding Butter | 00002848 || Food available for consumption | 0674pc || grams of protein per day per capita,Fish and seafood | 00002960 || Food available for consumption | 0674pc || grams of protein per day per capita
Bangladesh,BGD,2020,0.50167906,0.0,0.51151586,0.6000475,0.0,1.2099319,2.144432,7.5940437
Brazil,BRA,2020,15.792682,3.8384988,13.220388,0.24925317,0.66799855,3.5094848,13.828566,2.203398
China (FAO),,2020,5.05,10.7,2.51,1.38,0.23,6.8,2.98,9.41
India,IND,2020,0.859793,0.069178745,0.40518978,0.23718427,0.0,1.136508,10.179158,2.3224292
Japan,JPN,2020,8.573493,6.0489078,3.8272722,0.050491717,0.06059006,6.311465,7.5535607,16.894527
Spain,ESP,2020,13.622553,13.385639,4.7678933,0.6515134,0.927913,4.619822,17.492147,12.418241
Sri Lanka,LKA,2020,3.461213,0.019722013,0.4930503,0.039444026,0.0,1.2129037,4.713561,8.973516
United Kingdom,GBR,2020,14.334528,7.288743,6.2966638,1.3463929,1.1439277,3.5228925,18.981102,5.7297616
United States,USA,2020,20.63212,9.104144,12.670918,0.2266183,0.39411882,4.6604548,21.69624,5.3895745
