Entity,Code,Year,Central death rate - Type: period - Sex: both - Age: 0,Central death rate - Type: period - Sex: both - Age: 10,Central death rate - Type: period - Sex: both - Age: 25,Central death rate - Type: period - Sex: both - Age: 45,Central death rate - Type: period - Sex: both - Age: 65,Central death rate - Type: period - Sex: both - Age: 80
France,FRA,1816,205.34,6.1499996,10.25,14.5199995,46.12,163.13
France,FRA,1850,157.78001,5.51,9.549999,12.25,42.25,154.95
France,FRA,1900,185.69,3.32,7.61,13.190001,45.449997,190.53
France,FRA,1950,53.50688,0.58512,1.85811,5.56079,26.014921,116.022285
France,FRA,2021,3.61772,0.070269994,0.47234002,1.64446,9.38128,34.05961
South Africa,ZAF,1950,159.84189,4.20123,8.64844,15.52438,48.23378,138.0058
South Africa,ZAF,2021,27.300781,0.46976,3.63036,10.85924,41.64785,109.579605
