Entity,Code,Year,Solar (% growth)
Brazil,BRA,2022,79.83498
France,FRA,2022,31.953358
India,IND,2022,39.311836
Indonesia,IDN,2022,55.606903
Norway,NOR,2022,56.49551
Poland,POL,2022,106.78876
Spain,ESP,2022,24.579107
Sweden,SWE,2022,74.622894
United Kingdom,GBR,2022,14.685905
