Entity,Code,Year,average_farm_size_ha
Austria,AUT,2000,34.11345064
Brazil,BRA,2000,72.76153679
Ethiopia,ETH,2000,1.026829892
France,FRA,2000,45.03949925
India,IND,2000,1.329457688
Netherlands,NLD,2000,22.05110783
United Kingdom,GBR,2000,70.85800643
United States,USA,2000,178.3538569
Vietnam,VNM,2000,0.714130813
