Entity,Code,Year,Mean male height (cm),Mean female height (cm)
World,OWID_WRL,1896,162.4824417,151.1472983
World,OWID_WRL,1920,165.5000997,154.5623111
World,OWID_WRL,1940,168.1939944,157.3634052
World,OWID_WRL,1960,170.7061585,159.3853209
World,OWID_WRL,1980,171.8070764,159.7579136
World,OWID_WRL,1996,171.2803524,159.4916899
