Entity,Code,Year,consumption_per_capita,production_per_capita,"GDP per capita, PPP (constant 2017 international $)"
Sweden,SWE,1995,64999.99999999999,63700.0,34233.703
Sweden,SWE,2000,69600.0,62500.0,40625.363
Sweden,SWE,2005,67700.0,64900.00000000001,45440.297
Sweden,SWE,2010,60500.0,57800.0,47791.37
Sweden,SWE,2015,59100.0,56000.0,50928.965
Sweden,SWE,2021,,,53613.42
