Entity,Code,Year,Palm fruit oil | 00000254 || Yield | 005419 || tonnes per hectare,Palm fruit oil | 00000254 || Area harvested | 005312 || hectares,Palm fruit oil | 00000254 || Production | 005510 || tonnes
World,OWID_WRL,1961,0.00037658,3621037.0,13636250.0
World,OWID_WRL,1970,0.00046362,3263027.0,15127942.0
World,OWID_WRL,1980,0.00069814997,4276828.0,29858676.0
World,OWID_WRL,1990,0.00099591,6115211.0,60902076.0
World,OWID_WRL,2000,0.0011627599999999,10395173.0,120870856.0
World,OWID_WRL,2010,0.0013903399,19502240.0,271147800.0
World,OWID_WRL,2021,0.0014403299,28909788.0,416396580.0
