Entity,Code,Year,Children that died before five years age per woman,Children that survived past five years age per woman
Vietnam,VNM,1959,0.7823736,5.4816265
Vietnam,VNM,1970,0.49847442,5.5207253
Vietnam,VNM,1980,0.33695948,4.5210404
Vietnam,VNM,1990,0.18580565,3.4098945
Vietnam,VNM,2000,0.062147554,2.0094523
Vietnam,VNM,2010,0.0436755,1.8512244
Vietnam,VNM,2021,0.040043388,1.9036566
