Entity,Code,Year,Domestic aviation CO2 (Mt)
Angola,AGO,2018,68167.74915257005
Bahrain,BHR,2018,0.0
Fiji,FJI,2018,46234.72096403758
Iran,IRN,2018,1749094.5683521077
Norway,NOR,2018,1116870.7128714917
Panama,PAN,2018,32238.266112642395
Qatar,QAT,2018,0.0
Russia,RUS,2018,9231087.094285175
