Entity,Code,Year,Total aviation CO2 (Mt)
Afghanistan,AFG,2018,186355.6918239596
Belgium,BEL,2018,2701516.499233805
China,CHN,2018,94911021.7249814
Mexico,MEX,2018,11177031.295419237
Morocco,MAR,2018,2055718.316551098
Nigeria,NGA,2018,1194545.7720980388
Panama,PAN,2018,1899066.5494982156
Poland,POL,2018,2546709.3185150824
