Entity,Code,Year,International aviation CO2 (Mt)
Austria,AUT,2018,2210663.541986074
Azerbaijan,AZE,2018,395792.0462789166
Bahrain,BHR,2018,757984.964384599
Cambodia,KHM,2018,575073.3595022567
Denmark,DNK,2018,2375488.658586172
Iceland,ISL,2018,1181387.0675382935
Rest of the World,,2018,17341377.831657667
