Entity,Code,Year,Population growth (annual %),GDP growth (annual %),Annual CO₂ emissions growth (%)
World,OWID_WRL,1961,1.3506461,3.7899787,0.2978921
World,OWID_WRL,1970,2.092539,3.968558,8.264875
World,OWID_WRL,1980,1.7542908,1.8771683,-0.6150067
World,OWID_WRL,1990,1.7456024,2.8659377,1.6700149
World,OWID_WRL,2000,1.3533018,4.5149565,2.6890755
World,OWID_WRL,2010,1.2220056,4.5408382,5.756986
World,OWID_WRL,2022,,,0.9051442
