Entity,Code,Year,Coal by end use (Collieries),Coal by end use (Miscellaneous),Coal by end use (Railways),Coal by end use (Domestic),Coal by end use (Gas),Coal by end use (Coke ovens & solid fuels),Coal by end use (Electricity),Coal by end use (Industry)
United Kingdom,GBR,1943,11785600.0,15263368.0,15036800.0,43078400.0,21132800,21922232.0,22961600.0,39624000.0
United Kingdom,GBR,1950,10871200.0,14899640.0,14427200.0,37896800.0,26619200,24317960.0,33426400.0,40741600.0
United Kingdom,GBR,1960,5080000.0,6204000.0,9042400.0,36068000.0,22962000,31599000.0,52733000.0,36169600.0
United Kingdom,GBR,1970,1916000.0,4159000.0,100000.0,20190000.0,4280000,29490000.0,77237000.0,19513000.0
United Kingdom,GBR,1980,663000.0,1752000.0,,8946000.0,0,14632000.0,89569000.0,7898000.0
United Kingdom,GBR,1990,117000.0,1211000.0,,4239000.0,0,12396000.0,84014000.0,6280000.0
United Kingdom,GBR,2000,12451.059,82023.85500000001,,1882697.457,0,9880335.277,46197493.98,1875996.805
United Kingdom,GBR,2010,4908.913,39262.112,18800.0,718872.5449999999,0,7086189.428,41497513.34,1958616.392
United Kingdom,GBR,2019,0.0,30677.833,15000.0,491776.523,0,3093591.773,2906094.375,1425932.121
