Entity,Code,Year,"Critical care beds (per 100,000)"
Austria,AUT,2011,0.218
Bangladesh,BGD,2017,0.0069999999999999
Germany,DEU,2011,0.292
India,IND,2017,0.023
Iran,IRN,2014,0.046
Japan,JPN,2017,0.073
Singapore,SGP,2017,0.114
South Korea,KOR,2016,0.106
Spain,ESP,2011,0.0969999999999999
Sweden,SWE,2011,0.0579999999999999
United Kingdom,GBR,2011,0.066
