Entity,Code,Year,cropland_ha_per_capita,pasture_ha_per_capita
World,OWID_WRL,1800,0.384133595,0.489746563
World,OWID_WRL,1850,0.401941828,0.543702044
World,OWID_WRL,1900,0.464572873,0.748547523
World,OWID_WRL,1950,0.427892348,0.915808033
World,OWID_WRL,2010,0.19900017,0.405033904
