Entity,Code,Year,Deaths - Mental and substance use disorders - Sex: Both - Age: Under 5 (Rate),Deaths - Mental and substance use disorders - Sex: Both - Age: 70+ years (Rate),Deaths - Mental and substance use disorders - Sex: Both - Age: 5-14 years (Rate),Deaths - Mental and substance use disorders - Sex: Both - Age: 15-49 years (Rate),Deaths - Mental and substance use disorders - Sex: Both - Age: 50-69 years (Rate),Deaths - Mental and substance use disorders - Sex: Both - Age: Age-standardized (Rate),Deaths - Mental and substance use disorders - Sex: Both - Age: All Ages (Rate)
World,OWID_WRL,1990,0.00794434658791,8.585012299999999,0.3249291267892298,6.458244634506601,9.68014330265,3.3817137705826505,3.3436764842504525
World,OWID_WRL,1995,0.0070339943302399,9.08806693997,0.3697478596257653,7.513754283616088,11.0855637259,3.875453786641157,3.947019641498199
World,OWID_WRL,2000,0.00702146197615,9.46879249275,0.3730341112263038,7.763121049572628,10.4403647118,3.971120382143355,4.131588563245497
World,OWID_WRL,2005,0.00615806855489,9.54745452873,0.3254031094944661,7.493814572991506,10.5116500754,3.8289600329512417,4.02257346875589
World,OWID_WRL,2010,0.0057875768437099,9.7451673489,0.363522593080781,7.718628236052048,9.46772793573,3.908607258219457,4.131730746105289
World,OWID_WRL,2015,0.00478172905038,9.94440870344,0.3992315573528732,7.975471531420531,9.07877941404,3.999977134705012,4.188394561228614
World,OWID_WRL,2017,,,0.3982962344029248,8.214141519546668,,4.107931676937309,4.272921603729887
