Entity,Code,Year,popw_delibdem_vdem_owid,popw_delibdem_h_vdem_owid,popw_delibdem_l_vdem_owid
World,OWID_WRL,1900,0.09116743,0.109701864,0.06735584
World,OWID_WRL,1920,0.15880328,0.1907893,0.12481662
World,OWID_WRL,1940,0.12126017,0.14766169,0.08980563
World,OWID_WRL,1960,0.2688311,0.3056527,0.22626586
World,OWID_WRL,1980,0.30653113,0.34768206,0.26385707
World,OWID_WRL,2000,0.429138,0.48236752,0.3840589
World,OWID_WRL,2022,0.30887255,0.35480076,0.2624448
