Entity,Code,Year,popw_democracy_bti
Africa,,2005,5.159930774901039
Africa,,2021,4.510815914034886
