Entity,Code,Year,democracy_bti
Argentina,ARG,2005,7.849999904632568
Argentina,ARG,2021,7.7
Botswana,BWA,2005,8.449999809265137
Botswana,BWA,2021,8.25
China,CHN,2005,3.049999952316284
China,CHN,2021,3.233333333333333
Czechia,CZE,2005,9.449999809265137
Czechia,CZE,2021,9.3
