Entity,Code,Year,milk_equivalents,red_meat,poultry,eggs,seafood
Chile,CHL,2017,259.2328767,126.5205479,99.61643836,28.73972603,32.2739726
Dominica,DMA,2017,239.5890411,53.97260274,96.4109589,6.739726027,76.87671233
Guinea-Bissau,GNB,2017,46.82191781,41.45205479,5.917808219,2.219178082,3.561643836
Hong Kong,HKG,2017,91.09589041,220.7123288,146.6027397,50.76712329,193.8356164
Kenya,KEN,2017,221.6438356,35.97260274,1.835616438,3.643835616,10.90410959
Taiwan,TWN,2017,81.75342466,121.5068493,90.87671233,38.24657534,81.34246575
United Kingdom,GBR,2017,612.739726,128.1369863,87.50684932,30.76712329,54.05479452
