Entity,Code,Year,popw_egaldem_vdem_owid,popw_egaldem_h_vdem_owid,popw_egaldem_l_vdem_owid
World,OWID_WRL,1900,0.0802095,0.09727703,0.06275931
World,OWID_WRL,1920,0.13464096,0.15911844,0.109225884
World,OWID_WRL,1940,0.12324735,0.14628237,0.09841476
World,OWID_WRL,1960,0.2776704,0.31392094,0.24145772
World,OWID_WRL,1980,0.29291457,0.3279881,0.25615716
World,OWID_WRL,2000,0.36234158,0.40361455,0.31588084
World,OWID_WRL,2022,0.2737001,0.31315193,0.23537283
