Entity,Code,Year,popw_egaldem_vdem_owid,popw_egaldem_h_vdem_owid,popw_egaldem_l_vdem_owid
Asia,,1900,0.04361896,0.056085326,0.03077579
Asia,,1920,0.06875707,0.08628631,0.050360862
Asia,,1940,0.08648879,0.10620017,0.06635316
Asia,,1960,0.250969,0.2868533,0.21599816
Asia,,1980,0.24444054,0.2778205,0.20783693
Asia,,2000,0.2973616,0.33432013,0.25277212
Asia,,2022,0.19673254,0.23094843,0.16391967
