Entity,Code,Year,Nuclear - % electricity,Fossil fuels - % electricity,Renewables - % electricity
World,OWID_WRL,1985,15.060815,63.579185,20.817348
World,OWID_WRL,1990,16.72605,63.662365,19.062788
World,OWID_WRL,1995,17.355776,62.287632,19.722404
World,OWID_WRL,2000,16.692934,64.39772,18.909344
World,OWID_WRL,2005,15.066038,66.67343,18.260525
World,OWID_WRL,2010,12.8221655,67.3185,19.859343
World,OWID_WRL,2015,10.540538,66.279945,23.17952
World,OWID_WRL,2020,9.968609,61.790546,28.24085
World,OWID_WRL,2022,9.183322,61.267868,29.548817
