Entity,Code,Year,popw_electdem_vdem_owid,popw_electdem_h_vdem_owid,popw_electdem_l_vdem_owid
World,OWID_WRL,1800,0.048727937,0.060156364,0.035304822
World,OWID_WRL,1850,0.08582801,0.099822246,0.0695381
World,OWID_WRL,1900,0.1419137,0.15876217,0.12286414
World,OWID_WRL,1950,0.26741838,0.28940997,0.24580823
World,OWID_WRL,2000,0.4908458,0.5321862,0.4538787
World,OWID_WRL,2022,0.39841118,0.43510646,0.3618836
