Entity,Code,Year,popw_electdem_vdem_owid,popw_electdem_h_vdem_owid,popw_electdem_l_vdem_owid
North America,,1800,0.1823283,0.20239116,0.1574024
North America,,1850,0.2840581,0.31216335,0.25663757
North America,,1900,0.36664358,0.40461677,0.33328626
North America,,1950,0.5142635,0.569936,0.4613786
North America,,2000,0.7750504,0.8281695,0.72987163
North America,,2022,0.7187072,0.7702178,0.6654841
