Entity,Code,Year,consumption_based_energy,production_based_energy,"GDP, PPP (constant 2017 international $)"
Sweden,SWE,1995,573.936703,563.219391,302178800000
Sweden,SWE,2000,618.2323356,554.793051,360432630000
Sweden,SWE,2005,611.5733957,586.516753,410306450000
Sweden,SWE,2010,567.7858263,542.345502,448193500000
Sweden,SWE,2015,576.6666164,547.115442,499062370000
Sweden,SWE,2021,,,558427300000
