Entity,Code,Year,Energy intensity level of final energy (MJ/2011 USD PPP),Energy intensity level of primary energy (MJ/2011 USD PPP),Energy intensity of agricultural sector (MJ/2011 USD PPP),Energy intensity of industrial sector (MJ/2011 USD PPP),Energy intensity of service sector (MJ/2011 USD PPP)
United States,USA,1990,5.32658217291939,8.68542026759784,5.64850195472414,8.31961896434648,1.09172484473555
United States,USA,1995,4.93752237014111,8.25211997731063,5.84727565072737,7.30829143630912,1.08109832267297
United States,USA,2000,4.49836465122224,7.34016856670679,3.48008426193106,6.94621437872898,0.970006923663228
United States,USA,2005,4.00179911644456,6.60833913067927,4.60390007145512,5.78926242764283,0.889765806880252
United States,USA,2010,3.74817436992986,6.0814088604646,4.28329545799369,6.18172848231749,0.877236330134724
United States,USA,2012,3.48348011572412,5.61357485866294,3.74570810246868,5.41063756629101,0.773331505475675
