Entity,Code,Year,Other renewables (including geothermal and biomass) - TWh,Biofuels consumption - TWh,Solar consumption - TWh,Wind consumption - TWh,Hydro consumption - TWh,Nuclear consumption - TWh,Gas consumption - TWh,Coal consumption - TWh,Oil consumption - TWh
World,OWID_WRL,1965,55.949085,9.029861,0.0,0.0,2729.8865,72.469345,6303.8267,16140.178,17996.53
World,OWID_WRL,1970,80.33795,13.501494,0.0,0.0,3473.4265,223.80801,9614.819,17058.607,26520.377
World,OWID_WRL,1980,153.78857,32.78612,0.0,0.031048333,5120.4688,2020.0956,14236.961,20857.61,35525.133
World,OWID_WRL,1990,361.19138,106.64288,1.1483465,10.741176,6383.708,5676.7207,19481.125,25906.625,37676.57
World,OWID_WRL,2000,571.651,132.91783,3.1327264,92.87796,7826.347,7322.6826,23994.258,27434.627,42978.04
World,OWID_WRL,2010,1173.9039,699.7631,94.12616,961.486,9520.602,7373.091,31593.695,41937.48,47971.41
World,OWID_WRL,2022,2413.8076,1199.2067,3448.2373,5487.6,11299.816,6702.3394,39413.043,44854.035,52969.59
