Entity,Code,Year,popw_socgr_civ_libs_vdem_owid,popw_socgr_civ_libs_vdem_h_owid,popw_socgr_civ_libs_vdem_l_owid
World,OWID_WRL,1800,-1.7849543,-1.0318242,-2.4332283
World,OWID_WRL,1850,-1.6196389,-0.8847627,-2.2589152
World,OWID_WRL,1900,-0.95392525,-0.42638054,-1.4074535
World,OWID_WRL,1950,0.04951907,0.5546007,-0.42948604
World,OWID_WRL,2000,0.6931345,1.089363,0.2900673
World,OWID_WRL,2022,0.06412917,0.5098884,-0.3761341
