Entity,Code,Year,popw_socgr_pow_vdem_owid,popw_socgr_pow_vdem_high_owid,popw_socgr_pow_vdem_low_owid
World,OWID_WRL,1800,-1.146666,-0.5849562,-1.7034113
World,OWID_WRL,1850,-0.99513996,-0.45637798,-1.5191975
World,OWID_WRL,1900,-0.7880887,-0.29398897,-1.2742294
World,OWID_WRL,1950,0.2509137,0.7170231,-0.20298275
World,OWID_WRL,2000,0.63893694,1.0437281,0.18973161
World,OWID_WRL,2022,0.22268097,0.7172441,-0.25314444
