Entity,Code,Year,Standard deviation of life satisfaction
Austria,AUT,1990,1.837633729
Canada,CAN,2000,1.882863998
Finland,FIN,2000,1.654675245
Finland,FIN,2005,1.746749282
Great Britain,,1981,1.893801689
Great Britain,,1990,1.93458271
Ireland,IRL,1990,1.924858451
Netherlands,NLD,1990,1.575912118
Norway,NOR,1990,1.768822551
Portugal,PRT,1990,2.152057886
Spain,ESP,1981,2.007721186
Spain,ESP,1990,1.897121549
Spain,ESP,1995,1.968541145
Spain,ESP,2000,1.826200366
Spain,ESP,2007,1.502460957
