Entity,Code,Year,discards,landings
World,OWID_WRL,1950,4341473.8745308835,23786410.94588114
World,OWID_WRL,1960,9687458.263801254,39794772.79899775
World,OWID_WRL,1970,13408282.026983604,74851472.44619659
World,OWID_WRL,1980,9802300.541066151,80202687.62966685
World,OWID_WRL,1990,13692801.79320037,98675149.40089618
World,OWID_WRL,2000,10906101.863332482,109940479.62215266
World,OWID_WRL,2010,8294902.589732966,96963332.355233
World,OWID_WRL,2018,8569975.736905035,100765830.97087169
