Entity,Code,Year,discards,landings
Liberia,LBR,1966,627.2313429999999,13993.874538946997
Liberia,LBR,1970,4192.59997225,25497.148127782
Liberia,LBR,1980,3036.249276649,28938.059769839005
Liberia,LBR,1990,14.70283066,11398.32632007
Liberia,LBR,2000,1766.596116445,12920.879091680996
Liberia,LBR,2018,0.550115094,27832.759608707
Liberia,LBR,2010,,32099.153315123996
