Entity,Code,Year,biomass_mean_region,fishing_pressure_mean_region
Australia,AUS,1970,2.29500324306199,0.274500361670958
Australia,AUS,1980,2.6791878092794197,0.318336510164676
Australia,AUS,1990,2.2234140637209303,0.412142727431671
Australia,AUS,2000,1.35886978092071,0.786998594573783
Australia,AUS,2010,1.39615785721339,0.611827720060219
Australia,AUS,2017,2.32593295836669,0.2450919805555489
