Entity,Code,Year,industrial,Artisanal,subsistence,recreational
Bangladesh,BGD,2018,170277.88013858,677687.1038389201,257795.7778,
Brazil,BRA,2018,403242.9615023648,477027.939185027,3281.408989,5686.765046
Gambia,GMB,2018,7826.242891012001,74691.284998328,6892.085856000001,490.38275
Japan,JPN,2018,2828440.2032569926,1157599.324278038,7752.961134,44386.36812
Russia,RUS,2018,7241916.4165744195,957851.3346709145,26300.56341,26214.8125
Sri Lanka,LKA,2018,153878.63798530202,145598.09681123096,119985.79998,
Tanzania,TZA,2018,4849.65302402,117049.468456,19467.17875,
United States,USA,2018,4907285.626892947,1288068.3302950836,6146.295569,226170.7221819
World,OWID_WRL,2018,80928510.2921222,25049505.247062765,2406529.034361112,951262.1342304852
