Entity,Code,Year,discards
World,OWID_WRL,1950,4341473.8745308835
World,OWID_WRL,1960,9687458.263801254
World,OWID_WRL,1970,13408282.026983604
World,OWID_WRL,1980,9802300.541066151
World,OWID_WRL,1990,13692801.79320037
World,OWID_WRL,2000,10906101.863332482
World,OWID_WRL,2010,8294902.589732966
World,OWID_WRL,2018,8569975.736905035
