Entity,Code,Year,biomass_mean_region,fishing_pressure_mean_region
Europe-non-EU NE Atl,,1970,2.02973832246203,1.4049689440993702
Europe-non-EU NE Atl,,1980,1.94972310924754,1.31428571428571
Europe-non-EU NE Atl,,1990,1.5365757562491795,1.6442708333333302
Europe-non-EU NE Atl,,2000,1.30120621159349,1.49722222222222
Europe-non-EU NE Atl,,2010,1.74997402487319,1.0953125
Europe-non-EU NE Atl,,2018,1.98842222222222,
