Entity,Code,Year,Forest cover
Uruguay,URY,1990,4.559478916695235
Uruguay,URY,1995,6.190721060450234
Uruguay,URY,2000,7.821963204205233
Uruguay,URY,2005,8.856987772825963
Uruguay,URY,2010,9.892012341446693
Uruguay,URY,2015,10.970174837161467
Uruguay,URY,2020,11.604388069934863
