Entity,Code,Year,Forest cover
World,OWID_WRL,1990,32.51862542833661
World,OWID_WRL,1995,32.21779018891718
World,OWID_WRL,2000,31.916954949497743
World,OWID_WRL,2005,31.718406047995927
World,OWID_WRL,2010,31.51985706973467
World,OWID_WRL,2015,31.347563813710728
World,OWID_WRL,2020,31.156151314721175
