Entity,Code,Year,Forest area
World,OWID_WRL,1990,4236433019.999999
World,OWID_WRL,1995,4197241070.000001
World,OWID_WRL,2000,4158049120.0
World,OWID_WRL,2005,4132182740.0
World,OWID_WRL,2010,4106316350.0
World,OWID_WRL,2015,4083870480.0
World,OWID_WRL,2020,4058933810.0
