Entity,Code,Year,Gas production per capita,Oil production per capita,Coal production per capita
Malaysia,MYS,1971,0.07491627452,3.465623561,
Malaysia,MYS,1980,1.892238982,11.14439377,
Malaysia,MYS,1990,9.985065129,19.05197388,0.04400989621
Malaysia,MYS,2000,21.04932163,16.80404716,0.1284244495
Malaysia,MYS,2010,20.92883107,13.48211278,0.5062599296
Malaysia,MYS,2014,23.67100824,11.41794751,0.6091152625
