Entity,Code,Year,Gas production per capita,Oil production per capita,Coal production per capita
United Kingdom,GBR,1950,0.000212842856,0.01056938235,35.29695752000001
United Kingdom,GBR,1960,0.01623185278,0.0190753345299999,30.71610147
United Kingdom,GBR,1970,1.968123985,0.03261044522,21.5388855
United Kingdom,GBR,1980,6.471942697,16.63242352,18.82361567
United Kingdom,GBR,1990,8.324788914,18.63050825,13.20621637
United Kingdom,GBR,2000,19.242392360000004,24.91535473,4.308326837
United Kingdom,GBR,2010,9.446459549,11.60462005,2.359301313
United Kingdom,GBR,2016,6.5381553640000005,8.42393119,0.4635440365
