Entity,Code,Year,Natural gas production (Etemad & Luciana),Oil production (Etemad & Luciana),Coal production (The SHIFT Project)
Australia,AUS,1964,0.034498845,2.209700022,222.0631989
Australia,AUS,1970,17.28392118,98.78522097,360.2369985
Australia,AUS,1980,96.47376925,271.3466399,504.6449523
Australia,AUS,1990,228.6335721,392.9494126,1051.140481
Australia,AUS,2000,366.5103648,488.2035976,1766.949495
Australia,AUS,2010,560.7039046,356.1664252,2570.347309
Australia,AUS,2014,740.8194722,281.7822482,2851.820076
