Entity,Code,Year,Natural gas production (Etemad & Luciana),Oil production (Etemad & Luciana),Coal production (The SHIFT Project)
United Kingdom,GBR,1950,0.010773257,0.534980005,1504.714201
United Kingdom,GBR,1960,0.851087285,1.00018001,1346.797808
United Kingdom,GBR,1970,120.919034,0.97692001,1007.193694
United Kingdom,GBR,1980,404.8000921,987.0982788,867.5319652
United Kingdom,GBR,1990,528.962913,1168.629216,627.6541178
United Kingdom,GBR,2000,1187.36481,1513.456437,190.4796238
United Kingdom,GBR,2010,626.4066066,828.8658322,116.9957475
United Kingdom,GBR,2014,426.5449703,534.3651948,72.53062492
