Entity,Code,Year,GDP per capita (constant 2015 US$),"GDP per capita, PPP (constant 2017 international $)"
India,IND,1960,305.78918,
India,IND,1970,361.48602,
India,IND,1980,388.8227,
India,IND,1990,534.48395,1819.0216
India,IND,2000,755.4821,2571.1497
India,IND,2010,1238.0144,4213.363
India,IND,2021,1936.9427,6592.042
