Entity,Code,Year,Mostly help,Neither,"Don't have an opinion, Don't know help/harm question",Refused - help/harm question,Mostly harm
15-29 years,,2021,39.984043,1.7195367,26.048918,0.21184692,32.035656
30-49 years,,2021,36.584797,2.2714245,27.22313,0.22926529,33.691383
50-64 years,,2021,34.824726,2.2370906,28.995977,0.29143748,33.65077
65+ years,,2021,32.344177,2.3839085,33.976906,0.2731562,31.021852
Female,,2021,31.63587,1.9741954,31.606928,0.265054,34.517952
Male,,2021,42.326153,2.2839444,24.226488,0.22294836,30.940468
Poorest 20%,,2021,30.060171,1.9719876,33.013096,0.36405927,34.590687
Richest 20%,,2021,43.057407,2.2175355,24.014515,0.22950718,30.481035
