Entity,Code,Year,Mostly help,Neither,"Don't have an opinion, Don't know help/harm question",Refused - help/harm question,Mostly harm
30-49 years,,2021,36.584797,2.2714245,27.22313,0.22926529,33.691383
Central Asia,,2021,26.598934,1.3491006,36.925385,0.3997335,34.72685
Female,,2021,31.63587,1.9741954,31.606928,0.265054,34.517952
Male,,2021,42.326153,2.2839444,24.226488,0.22294836,30.940468
Middle 20%,,2021,35.240112,2.1144898,28.576769,0.17863077,33.889996
Northern America,,2021,37.369728,0.89330024,29.627792,0.24813896,31.861042
Northern Western Europe,,2021,51.570488,3.8647985,21.1103,0.053124376,23.401289
Poorest 20%,,2021,30.060171,1.9719876,33.013096,0.36405927,34.590687
