Entity,Code,Year,Living Planet Index,Upper CI,Lower CI
World,OWID_WRL,1970,100.0,100.0,100.0
World,OWID_WRL,1980,81.508094,89.21051,74.38827
World,OWID_WRL,1990,62.68112,71.03061699999999,55.48949
World,OWID_WRL,2000,47.221538,54.56817,40.889674
World,OWID_WRL,2010,35.15315,41.861284,29.596213
World,OWID_WRL,2018,30.897567,37.43781,25.400314
