Entity,Code,Year,"Yes, would feel safe",Don't know - self-driving cars question,Refused - self-driving cars question,"No, would not feel safe"
15-29 years,,2021,30.508707,3.6564229,0.13481167,65.70006
30-49 years,,2021,27.550045,4.7530093,0.17407179,67.52287
50-64 years,,2021,24.640835,6.284377,0.14366637,68.93112
65+ years,,2021,21.560715,7.1206856,0.2669481,71.05165
Female,,2021,22.758085,5.403141,0.16299298,71.67578
Male,,2021,31.905443,4.644474,0.17699717,63.273087
Poorest 20%,,2021,23.3453,6.386206,0.22248065,70.04601
Richest 20%,,2021,31.703005,4.4784913,0.17368111,63.64482
