Entity,Code,Year,Global precipitation anomaly
World,OWID_WRL,1901,-8.8245047538
World,OWID_WRL,1920,-7.674504132799999
World,OWID_WRL,1940,-30.404516407
World,OWID_WRL,1960,2.7755015102
World,OWID_WRL,1980,-17.0945092196
World,OWID_WRL,2000,3.615501963799999
World,OWID_WRL,2019,-4.374502350799999
