Entity,Code,Year,"Revenue, excluding grants (% of GDP)"
Bangladesh,BGD,2010,9.74383
Bangladesh,BGD,2020,8.640859
India,IND,1974,9.422021
India,IND,1980,10.825982
India,IND,1990,12.425942
India,IND,2000,11.703429
India,IND,2010,13.183597
Nepal,NPL,1990,8.445309
Nepal,NPL,2000,10.620362
Nepal,NPL,2010,14.8983555
Nepal,NPL,2020,19.365427
World,OWID_WRL,2010,22.332489
World,OWID_WRL,2020,23.34928
