Entity,Code,Year,above 20$ a day,10 - 20$ a day,5 - 10$ a day,2 - 5$ a day,below 2$ a day
World,OWID_WRL,1820,9056493.52464116,27620147.960485,97584255.5557858,354160341.629381,570884046.844186
World,OWID_WRL,1850,14075690.1987813,40847677.2047029,128580626.30269,471275775.385418,589986375.410109
World,OWID_WRL,1950,294785227.967721,290781345.324416,393828679.961011,776340224.813626,761707521.933226
World,OWID_WRL,2000,1884669799.39992,1005905810.90401,1184876304.92165,1224262542.58507,745187542.189362
World,OWID_WRL,2017,3561110391.12825,1503665651.11764,1173027498.89318,766960721.649854,407704737.211082
