Entity,Code,Year,Very important in life: Family,Rather important in life: Family,Not very important in life: Family,Not at all important in life: Family,Don't know: Important in life: Family,No answer: Important in life: Family
Georgia,GEO,2022,90.64869,8.928809,0.2462481,0.0516147,0.0545584,0.0700837
Hungary,HUN,2022,90.01335,8.975509,0.6646742,0.2480918,0.0,0.098379
Japan,JPN,2022,92.01774,6.208426,0.6651885,0.2217295,0.1478197,0.7390983
Kenya,KEN,2022,97.07741,2.132701,0.7898894,,,0.0
Lebanon,LBN,2022,96.83333,3.083333,0.0833333,,,0.0
Lithuania,LTU,2022,66.69552,28.74619,3.604604,0.291751,0.519402,0.1425367
Switzerland,CHE,2022,85.48174,11.10498,2.153258,0.3654396,0.0309376,0.8636438
Taiwan,TWN,2022,90.77282,8.584292,0.6428909,,,0.0
Venezuela,VEN,2022,83.44537,15.71429,0.8403362,,,0.0
