Entity,Code,Year,popw_civ_libs_vdem_owid,popw_civ_libs_vdem_high_owid,popw_civ_libs_vdem_low_owid
World,OWID_WRL,1800,0.1840389,0.22363724,0.13805585
World,OWID_WRL,1850,0.24873072,0.288927,0.20245598
World,OWID_WRL,1900,0.36015883,0.39766452,0.31521833
World,OWID_WRL,1950,0.44332698,0.48100668,0.40632766
World,OWID_WRL,2000,0.6200426,0.65906775,0.5800755
World,OWID_WRL,2022,0.5352486,0.57787925,0.49345365
