Entity,Code,Year,Richest decile - Share,Share of the middle 40%,Share of the bottom 50%
United States,USA,1963,27.292002,48.2184,24.489601
United States,USA,1970,26.610529,48.301914,25.087559
United States,USA,1980,25.249523,48.57969,26.170786
United States,USA,1990,27.647484,48.428177,23.924341
United States,USA,2000,30.250374,46.401276,23.34835
United States,USA,2010,29.260248,47.723816,23.015936
United States,USA,2021,30.140308,46.351326,23.508368
