Entity,Code,Year,Inequality in life expectancy
Albania,ALB,2021,0.06790635
Belize,BLZ,2021,0.09247614
Costa Rica,CRI,2021,0.05891644
Estonia,EST,2021,0.029255588
Kenya,KEN,2021,0.21011522
Niger,NER,2021,0.28733072
Pakistan,PAK,2021,0.2689547
Senegal,SEN,2021,0.1812817
Tanzania,TZA,2021,0.21715948
Uruguay,URY,2021,0.054163393
