Entity,Code,Year,"Deaths that are from all causes, in both sexes aged 28-364 days","Deaths that are from all causes, in both sexes aged 7-27 days","Deaths that are from all causes, in both sexes aged 0-6 days"
Guam,GUM,1990,14.97967,4.254177,18.40796
Guam,GUM,1995,16.760183,5.077172,18.856457
Guam,GUM,2000,14.082239,5.2736797,14.886109
Guam,GUM,2005,14.29835,6.5462027,15.802991
Guam,GUM,2010,15.551224,6.5748134,17.303041
Guam,GUM,2015,14.935528,6.6043916,17.965586
Guam,GUM,2019,13.923273,6.393535,17.231462
