Entity,Code,Year,Violence against other people: Never justifiable (aggregate),Violence against other people: Neutral,Violence against other people: Always justifiable (aggregate),Violence against other people: Don't know,Violence against other people: No answer
Guatemala,GTM,2022,81.2856,7.24166,9.438567,0.0,2.034174
Hong Kong,HKG,2022,86.29524,7.331985,6.317392,0.0,0.0553847
Iraq,IRQ,2022,80.08334,9.25,10.66667,0.0,0.0
Libya,LBY,2022,91.97324,1.254181,2.257525,4.51505,0.0
Malaysia,MYS,2022,71.1348,7.616146,21.24905,0.0,0.0
Northern Ireland,,2022,91.7547,6.497891,1.659539,0.0,0.0878696
Singapore,SGP,2022,93.08666,4.102468,2.382956,0.0,0.4279181
Slovakia,SVK,2022,86.79895,4.376399,8.315442,0.2629459,0.2462613
Zimbabwe,ZWE,2022,91.11111,1.316872,7.407407,0.1646091,0.0
