Entity,Code,Year,Annual CO₂ emissions,Primary energy consumption per GDP (kWh/$),GDP per capita,417485-annotations,Population (historical estimates),Annual CO₂ emissions per unit energy (kg per kilowatt-hour),Annual CO₂ emissions per GDP (kg per international-$)
World,OWID_WRL,1965,11309690000.0,,,,3337112064.0,0.2611463,
World,OWID_WRL,1970,14898157000.0,2.6122534,5951.549,,3695390208.0,0.26144052,0.68294895
World,OWID_WRL,1980,19482442000.0,2.4449334,7232.973,,4444007936.0,0.24994513,0.61109924
World,OWID_WRL,1990,22752700000.0,2.2224169,8222.479,,5316175872.0,0.2379878,0.52890813
World,OWID_WRL,2000,25501286000.0,1.8433722,9914.567,,6148898816.0,0.23108087,0.42596808
World,OWID_WRL,2010,33306330000.0,1.5736533,13179.495,,6985603072.0,0.23567097,0.3708644
World,OWID_WRL,2022,37149786000.0,,,,,0.2214095,
