Entity,Code,Year,Wheat | 00000015 || Yield | 005419 || tonnes per hectare,Rice | 00000027 || Yield | 005419 || tonnes per hectare,Bananas | 00000486 || Yield | 005419 || tonnes per hectare,Maize | 00000056 || Yield | 005419 || tonnes per hectare,Soybeans | 00000236 || Yield | 005419 || tonnes per hectare,Potatoes | 00000116 || Yield | 005419 || tonnes per hectare,"Beans, dry | 00000176 || Yield | 005419 || tonnes per hectare","Peas, dry | 00000187 || Yield | 005419 || tonnes per hectare",Cassava | 00000125 || Yield | 005419 || tonnes per hectare,Cocoa beans | 00000661 || Yield | 005419 || tonnes per hectare,Barley | 00000044 || Yield | 005419 || tonnes per hectare
World,OWID_WRL,1961,1.0889,1.8693,10.6792,1.9423,1.1287,12.2157,0.49319997,0.973,7.4042997,0.2694,1.3282
World,OWID_WRL,1970,1.4941,2.3808,11.617499,2.3509,1.48,14.347799,0.54109997,1.1711999,8.486,0.3541,1.8054999
World,OWID_WRL,1980,1.8554,2.7482,13.351,3.1534,1.6000999,12.800699,0.5376,1.3316,9.126699,0.3524,1.9977
World,OWID_WRL,1990,2.5626,3.5286,13.4063,3.6906998,1.8958,15.1119995,0.6609,1.9116,10.0183,0.4434,2.4157
World,OWID_WRL,2000,2.7316,3.8874,15.087999,4.3236,2.1708,16.223299,0.7389,1.7837,10.3754,0.4385,2.4542
World,OWID_WRL,2010,2.9721,4.3178997,20.2099,5.1579,2.5772,18.0847,0.7971,1.5906,11.6607,0.45099998,2.5948
World,OWID_WRL,2021,3.4919,4.7641997,23.418,5.8785996,2.8697,20.7426,0.7716,1.7609999,10.6167,0.48369998,2.9754999
