Entity,Code,Year,popw_libdem_l_vdem_owid,popw_libdem_vdem_owid,popw_libdem_h_vdem_owid
World,OWID_WRL,1800,0.033734173,0.04407105,0.053169515
World,OWID_WRL,1850,0.05980578,0.07211103,0.08343326
World,OWID_WRL,1900,0.1073331,0.12326557,0.13916521
World,OWID_WRL,1950,0.19157073,0.21421565,0.23707436
World,OWID_WRL,2000,0.3500973,0.38561472,0.42565155
World,OWID_WRL,2022,0.2659093,0.2991115,0.33095366
