Entity,Code,Year,Number of maternal deaths (IHME)
Maldives,MDV,1990,61.31894586
Maldives,MDV,1995,28.13817552
Maldives,MDV,2000,10.420921559999998
Maldives,MDV,2005,5.059764209999999
Maldives,MDV,2010,4.137107879999999
Maldives,MDV,2016,3.89136
