Entity,Code,Year,Number of maternal deaths (IHME)
South Sudan,SSD,1990,1245.59731593
South Sudan,SSD,1995,1260.41607912
South Sudan,SSD,2000,1204.7877600000002
South Sudan,SSD,2005,1276.34257296
South Sudan,SSD,2010,1377.97149821
South Sudan,SSD,2016,1425.1568269400002
