Entity,Code,Year,"Reported Measles Case Rate (OWID, 2017)","Reported Measles Death Rate (OWID, 2017)"
United States,USA,1921,257.7631144,3.514004625
United States,USA,1940,219.5179324,0.513431395
United States,USA,1960,237.0589667,0.20394339
United States,USA,1980,5.876645171,0.00478625
United States,USA,2000,0.030442876,0.000353987
United States,USA,2015,0.058763038,
