Entity,Code,Year,"Exports to Oceania (Fouquin and Hugot (CEPII 2016), Dyadic)","Exports to Eastern Europe (Fouquin and Hugot (CEPII 2016), Dyadic)","Exports to Africa (Fouquin and Hugot (CEPII 2016), Dyadic)","Exports to South America (Fouquin and Hugot (CEPII 2016), Dyadic)","Exports to North America (Fouquin and Hugot (CEPII 2016), Dyadic)","Exports to Western Europe (Fouquin and Hugot (CEPII 2016), Dyadic)","Exports to Asia (Fouquin and Hugot (CEPII 2016), Dyadic)"
India,IND,1949,0.33282,0.07678,0.44202,0.16134,1.11284,1.80889,1.11283
India,IND,1960,0.19117,0.23106,0.26784,0.07657,0.78836,1.36744,0.90567
India,IND,1970,0.07755,0.28662,0.25085,0.01064,0.57387,0.69506,1.16182
India,IND,1980,0.09844,0.4921,0.23303,0.01503,0.70021,1.09961,1.5979
India,IND,1990,0.08315,0.61555,0.13709,0.00991,1.13264,1.45712,1.9621
India,IND,2000,0.12094,0.22293,0.41866,0.15708,2.59334,2.63062,3.87164
India,IND,2010,0.13659,0.41643,0.97188,0.43556,2.22012,2.55617,7.12223
India,IND,2014,0.17753,0.54917,1.57695,0.59222,2.63747,2.43654,7.394
