Entity,Code,Year,Mismanaged plastic waste per capita (kg per year)
Brazil,BRA,2019,15.62046908
Chile,CHL,2019,1.623417054
China,CHN,2019,8.559308412
Gambia,GMB,2019,14.9467632
India,IND,2019,9.509608
Indonesia,IDN,2019,3.045657286
Japan,JPN,2019,0.281286458
Morocco,MAR,2019,8.101776705
Myanmar,MMR,2019,8.038338422
Senegal,SEN,2019,4.029209622
United Kingdom,GBR,2019,0.442973493
United States,USA,2019,0.812815117
