Entity,Code,Year,Other renewables (including geothermal and biomass) electricity generation - TWh,Solar generation - TWh,Wind generation - TWh,Hydro generation - TWh
World,OWID_WRL,1965,17.985231,0.0,0.0,923.19806
World,OWID_WRL,1970,25.701897,0.0,0.0,1174.6497
World,OWID_WRL,1980,49.717464,0.0,0.0105,1731.6493
World,OWID_WRL,1990,117.21735,0.38834995,3.6324706,2158.854
World,OWID_WRL,2000,184.89665,1.0594312,31.409636,2646.7285
World,OWID_WRL,2010,378.83444,33.912262,346.40918,3430.1318
World,OWID_WRL,2022,776.85657,1322.6157,2104.8396,4334.19
