Entity,Code,Year,MPI (national) - Harmonized over time
Bolivia,BOL,2008,0.09526939
Bolivia,BOL,2016,0.037980545
Egypt,EGY,2008,0.03197777
Egypt,EGY,2014,0.01838196
Guinea,GIN,2012,0.4209184
Guinea,GIN,2016,0.33593187
Guinea,GIN,2018,0.3635915
Nicaragua,NIC,2001,0.22078778
Pakistan,PAK,2012,0.23257908
