Entity,Code,Year,Book titles per capita (Fink-Jensen 2015)
Latvia,LVA,1950,678.5444653183221
Latvia,LVA,1996,798.6905539498194
Malaysia,MYS,1996,291.3841550253469
Romania,ROU,1996,318.15181856534076
South Korea,KOR,1996,670.5159845604716
United States,USA,1700,85.0
United States,USA,1750,67.86576410405375
United States,USA,1800,314.46023761232414
United States,USA,1950,72.3841046555155
United States,USA,1996,252.81143466100428
