Entity,Code,Year,plugin_hybrid_share,battery_electric_share,petrol_share,diesel_gas_share,full_mild_hybrid_share
Norway,NOR,2013,0.0,5.78750765,34.99236727,52.5413117,6.678813375
Norway,NOR,2014,1.154678354,12.56068129,30.6721407,48.66709201,6.94540764
Norway,NOR,2015,5.297178201,17.11396034,29.6361923,40.81919779,7.133471371
Norway,NOR,2016,13.81694696,15.23285899,28.84282018,30.80142303,11.30595084
Norway,NOR,2017,19.69542251,18.93082712,25.54366325,23.14019893,12.68988818
Norway,NOR,2018,17.81061769,31.19393198,22.64150943,17.69028481,10.66365609
Norway,NOR,2019,13.55316758,42.38305942,15.67987077,16.03315072,12.35075151
