Entity,Code,Year,nitrogen_crop_output,nitrogen_input,Continent
China,CHN,1961,25.64983,40.95055,
China,CHN,2014,110.1408,343.9854,
Egypt,EGY,1961,67.45914,90.89277,
Egypt,EGY,2014,140.3279,375.9197,
France,FRA,1961,38.37802,101.2751,
France,FRA,2014,122.4081,165.7086,
India,IND,1961,15.15047,34.64299,
India,IND,2014,48.12782,140.1337,
Nigeria,NGA,1961,16.91709,12.67311,
Nigeria,NGA,2014,25.15565,25.12139,
United States,USA,1961,44.76159,62.25773,
United States,USA,2014,142.228,198.6107,
