Entity,Code,Year,Prevalence - Neoplasms - Sex: Both - Age: 70+ years (Number),Prevalence - Neoplasms - Sex: Both - Age: 50-69 years (Number),Prevalence - Neoplasms - Sex: Both - Age: 15-49 years (Number),Prevalence - Neoplasms - Sex: Both - Age: 5-14 years (Number),Prevalence - Neoplasms - Sex: Both - Age: Under 5 (Number)
World,OWID_WRL,1990,10715724.5314,18243106.2281,14021799.7721,1183544.28821,1452212.25941
World,OWID_WRL,1995,12871594.3027,20564690.637,16559252.1279,1328153.88506,1401329.56083
World,OWID_WRL,2000,15247949.6543,22941719.4997,17742680.3916,1290757.1287,1372913.30125
World,OWID_WRL,2005,17959119.004,27529415.6477,19063062.0426,1297471.44553,1505553.08344
World,OWID_WRL,2010,21466498.2915,33217507.6647,21492650.7112,1600323.11099,1951784.35349
World,OWID_WRL,2015,25278659.5351,40922803.2251,23782025.4566,2220175.24112,2644932.90536
World,OWID_WRL,2017,27139633.383,43578271.3057,24622656.9806,2375378.52464,2766948.93365
