Entity,Code,Year,trust_government
OECD,,2010,40.2177436036633
OECD,,2012,35.7621954213156
OECD,,2014,37.3134461087953
OECD,,2016,35.6574692982681
OECD,,2018,38.2526607735648
OECD,,2020,45.7543866295205
OECD,,2022,41.397623001688
