Entity,Code,Year,"Net ODA provided, total (% of GNI)"
Japan,JPN,1960,0.244135
Japan,JPN,1970,0.225447
Japan,JPN,1980,0.322374
Japan,JPN,1990,0.306336
Japan,JPN,2000,0.280972
Japan,JPN,2010,0.196432
Japan,JPN,2017,0.227698
Poland,POL,2000,0.018257
Poland,POL,2010,0.083506
Poland,POL,2017,0.134688
Portugal,PRT,1980,0.016736
Portugal,PRT,1990,0.238946
Portugal,PRT,2000,0.260725
Portugal,PRT,2010,0.293695
Portugal,PRT,2017,0.179115
Slovenia,SVN,2010,0.126794
Slovenia,SVN,2017,0.158919
