Entity,Code,Year,Oil (% equivalent primary energy)
Egypt,EGY,1965,88.78515
Egypt,EGY,1970,78.38198
Egypt,EGY,1980,73.368095
Egypt,EGY,1990,70.374115
Egypt,EGY,2000,56.946407
Egypt,EGY,2010,46.42931
Egypt,EGY,2022,38.105835
Malaysia,MYS,1970,91.36572
Malaysia,MYS,1980,75.70247
Malaysia,MYS,1990,55.842335
Malaysia,MYS,2000,44.550903
Malaysia,MYS,2010,38.50728
Malaysia,MYS,2022,35.70096
Slovenia,SVN,1990,29.10062
Slovenia,SVN,2000,35.82838
Slovenia,SVN,2010,35.84801
Slovenia,SVN,2022,42.93808
