Entity,Code,Year,popw_participdem_vdem_owid,popw_participdem_h_vdem_owid,popw_participdem_l_vdem_owid
World,OWID_WRL,1800,0.023859601,0.032153875,0.011866351
World,OWID_WRL,1850,0.04590707,0.05679885,0.030541854
World,OWID_WRL,1900,0.081117675,0.09449915,0.06452272
World,OWID_WRL,1950,0.1588554,0.17881793,0.13887733
World,OWID_WRL,2000,0.31702122,0.35105732,0.2845791
World,OWID_WRL,2022,0.2593838,0.28812316,0.22927451
