Entity,Code,Year,International RPKs (billions)
Canada,CAN,2018,135027835406.41112
China,CHN,2018,373603414693.9669
Germany,DEU,2018,234839339907.0597
India,IND,2018,108639613118.78596
South Africa,ZAF,2018,37485898502.63856
Spain,ESP,2018,203424146649.0403
United Kingdom,GBR,2018,338340822862.87006
United States,USA,2018,648196032267.6416
