Entity,Code,Year,Per capita aviation CO2
Germany,DEU,2018,266.72536383841594
Iraq,IRQ,2018,15.887375998282575
Malaysia,MYS,2018,229.15082628983657
Qatar,QAT,2018,2472.695467824074
Romania,ROU,2018,65.06787453116144
Tunisia,TUN,2018,60.18097583435522
Turkmenistan,TKM,2018,37.58050411477805
Ukraine,UKR,2018,32.80934058032171
United Arab Emirates,ARE,2018,2195.249562093688
