Entity,Code,Year,"Meat, Other | 00002735 || Food available for consumption | 0645pc || kilograms per year per capita","Meat, sheep and goat | 00002732 || Food available for consumption | 0645pc || kilograms per year per capita","Meat, beef | 00002731 || Food available for consumption | 0645pc || kilograms per year per capita","Meat, pig | 00002733 || Food available for consumption | 0645pc || kilograms per year per capita","Meat, poultry | 00002734 || Food available for consumption | 0645pc || kilograms per year per capita"
Asia,,1961,0.30041584,0.8396012,1.6211176,1.7127402,0.8784023
Asia,,1970,0.25695434,0.86853474,1.7438043,4.005383,1.2733865
Asia,,1980,0.23004554,0.9747647,1.9528112,6.1798244,2.1304002
Asia,,1990,0.20975596,1.2113909,2.5133424,9.441637,3.3305533
Asia,,2000,0.36316353,1.6244116,3.828943,12.391349,6.563419
Asia,,2010,0.3757424,1.7962693,4.2691336,15.379912,8.929196
Asia,,2020,0.29292032,2.1321445,5.218092,14.250832,11.283439
