Entity,Code,Year,Per capita international aviation CO2
Australia,AUS,2018,495.94800556102655
Canada,CAN,2018,294.5124427812642
China,CHN,2018,21.27537770443512
India,IND,2018,6.352278072376452
New Zealand,NZL,2018,640.2785927017188
Norway,NOR,2018,298.0303026425508
United Kingdom,GBR,2018,422.0862787854916
United States,USA,2018,170.60100423234462
