Entity,Code,Year,Per capita international aviation CO2
Azerbaijan,AZE,2018,39.7780951034087
Democratic Republic of Congo,COD,2018,1.426397623072879
Greece,GRC,2018,294.6875361805494
Norway,NOR,2018,298.0303026425508
Qatar,QAT,2018,2472.695467824074
South Korea,KOR,2018,210.17770792702095
Turkey,TUR,2018,102.43576786398464
United Arab Emirates,ARE,2018,2195.1117388328703
