Entity,Code,Year,Per capita total RPKs
Brazil,BRA,2018,791.976291650885
China,CHN,2018,799.5871134376031
New Zealand,NZL,2018,9293.442469283113
Russia,RUS,2018,1273.968789028838
South Africa,ZAF,2018,868.0760411596831
Sweden,SWE,2018,3351.7793105520454
Switzerland,CHE,2018,6022.894484121685
United Arab Emirates,ARE,2018,24214.723802960052
United Kingdom,GBR,2018,5218.103971720563
United States,USA,2018,6040.2122511423
