Entity,Code,Year,Per capita domestic RPKs
Australia,AUS,2018,3064.27113310306
Canada,CAN,2018,1701.9887579730437
China,CHN,2018,537.8955657353914
France,FRA,2018,687.9924759120495
United Kingdom,GBR,2018,178.92100334205116
United States,USA,2018,4058.543162349892
