Entity,Code,Year,Per capita international RPKs
Georgia,GEO,2018,1057.7273678401702
Hungary,HUN,2018,1148.7308860223047
Madagascar,MDG,2018,58.49777044516797
Malta,MLT,2018,12876.63239638042
Namibia,NAM,2018,756.862851153186
Tajikistan,TJK,2018,283.7981974343039
United Kingdom,GBR,2018,5039.182968378513
