Entity,Code,Year,Mismanaged plastic waste to ocean per capita (kg per year)
Congo,COG,2019,0.125627207
Europe,,2019,0.007805317
France,FRA,2019,0.003608168
Georgia,GEO,2019,0.000750563
Latvia,LVA,2019,0.004719455
Libya,LBY,2019,0.129703409
Montenegro,MNE,2019,0.0
Mozambique,MOZ,2019,0.08377791
Nigeria,NGA,2019,0.092752931
Poland,POL,2019,0.000765414
Yemen,YEM,2019,0.008641383
