Entity,Code,Year,Per capita aviation CO2
Australia,AUS,2018,763.115248070465
Canada,CAN,2018,462.77982287359225
China,CHN,2018,66.48068832441989
Iceland,ISL,2018,3576.923468323305
India,IND,2018,14.324466663880749
Norway,NOR,2018,507.2604848964832
Singapore,SGP,2018,1741.0364042808924
United Kingdom,GBR,2018,444.5679758529838
United States,USA,2018,556.1214010699704
