Entity,Code,Year,Per capita international CO2 - adjusted
Austria,AUT,2018,95.8786411672778
Greece,GRC,2018,77.8809373413456
Iran,IRN,2018,12.68617041392757
Jordan,JOR,2018,26.332836139949645
Oman,OMN,2018,421.4023950953835
Philippines,PHL,2018,34.8170410974125
Saudi Arabia,SAU,2018,241.50364007562615
