Entity,Code,Year,Per capita poultry consumption,Per capita pork consumption,Per capita beef consumption
United States,USA,1970,21.8631344,25.1289968,38.2831648
United States,USA,1980,26.1268992,25.7640256,34.654428800000005
United States,USA,1990,35.4255352,22.4074448,30.61746
United States,USA,2000,42.9551624,23.042473599999997,30.61746
United States,USA,2010,44.8148896,21.4095424,26.8980056
United States,USA,2018,49.7590424,22.9517552,25.9001032
