Entity,Code,Year,Per capita total RPKs
Belarus,BLR,2018,219.38998223518448
Bulgaria,BGR,2018,1196.383363113598
Ireland,IRL,2018,6847.343216638087
Kenya,KEN,2018,262.9346951568734
Mauritius,MUS,2018,7256.857632432517
Myanmar,MMR,2018,100.8793613210136
New Zealand,NZL,2018,9293.442469283113
Oman,OMN,2018,3423.378665148085
Qatar,QAT,2018,29016.61933344665
Thailand,THA,2018,2213.1268797103044
