Entity,Code,Year,Per capita international RPKs
Australia,AUS,2018,5791.800868256136
Canada,CAN,2018,3642.018487023901
China,CHN,2018,261.69154770221155
India,IND,2018,80.31660207474634
Spain,ESP,2018,4356.630472427138
United Kingdom,GBR,2018,5039.182968378513
United States,USA,2018,1981.6690887924085
