Entity,Code,Year,popw_physinteg_libs_vdem_owid,popw_physinteg_libs_vdem_h_owid,popw_physinteg_libs_vdem_l_owid
Africa,,1800,0.1956549,0.27777582,0.14366846
Africa,,1850,0.23669104,0.3156129,0.18251272
Africa,,1900,0.25319296,0.32919,0.19245921
Africa,,1950,0.27827033,0.36152917,0.20986548
Africa,,2000,0.43256304,0.49343118,0.37592837
Africa,,2022,0.5046694,0.5742607,0.4301787
