Entity,Code,Year,popw_physinteg_libs_vdem_owid,popw_physinteg_libs_vdem_h_owid,popw_physinteg_libs_vdem_l_owid
World,OWID_WRL,1800,0.20454778,0.28339672,0.13932467
World,OWID_WRL,1850,0.2611405,0.33826742,0.19559582
World,OWID_WRL,1900,0.3789121,0.4306761,0.3320392
World,OWID_WRL,1950,0.4694491,0.527299,0.41240478
World,OWID_WRL,2000,0.61563855,0.6733962,0.5557132
World,OWID_WRL,2022,0.5608016,0.6216154,0.4985973
