Entity,Code,Year,popw_pol_libs_vdem_owid,popw_pol_libs_vdem_high_owid,popw_pol_libs_vdem_low_owid
World,OWID_WRL,1800,0.21211767,0.2976929,0.14762354
World,OWID_WRL,1850,0.29572028,0.3805538,0.22572124
World,OWID_WRL,1900,0.38282084,0.45419678,0.3166812
World,OWID_WRL,1950,0.45027006,0.49833864,0.39739147
World,OWID_WRL,2000,0.6304937,0.6825823,0.57520115
World,OWID_WRL,2022,0.49786067,0.556025,0.43857947
