Entity,Code,Year,Political regime,Political regime.1,regime_bmr_owid,regime_polity,regime_fh,regime_eiu,regime_bti
Chile,CHL,1789,0.0,0.0,,,,,
Chile,CHL,1850,0.333333333333,0.4285714285709999,0.0,0.5,,,
Chile,CHL,1900,0.333333333333,0.571428571428,0.0,0.5,,,
Chile,CHL,1950,0.333333333333,0.571428571428,1.0,0.5,,,
Chile,CHL,2022,0.999999999999,0.999999999999,,,1.0,0.99999999,
