Entity,Code,Year,corruption_vdem_owid,corruption_vdem_high_owid,corruption_vdem_low_owid
World,OWID_WRL,1789,0.50017107,0.56357896,0.44051316
World,OWID_WRL,1850,0.5003333,0.5565429,0.4464762
World,OWID_WRL,1900,0.39624828,0.443,0.34524828
World,OWID_WRL,1950,0.35973564,0.40604597,0.31118965
World,OWID_WRL,2000,0.52241474,0.56151706,0.48439774
World,OWID_WRL,2022,0.47788268,0.52165365,0.43434638
