Entity,Code,Year,popw_democracy_eiu
Europe,,2006,7.365601722514175
Europe,,2008,7.292652501241502
Europe,,2010,7.04956599772271
Europe,,2012,6.913239475955546
Europe,,2014,6.904650071114497
Europe,,2016,6.860277347180374
Europe,,2018,6.757417889449916
Europe,,2020,6.851014220941599
Europe,,2022,6.670128367525563
