Entity,Code,Year,popw_democracy_eiu
World,OWID_WRL,2006,5.560076218489214
World,OWID_WRL,2008,5.586197792164985
World,OWID_WRL,2010,5.448175516226846
World,OWID_WRL,2012,5.491795199204361
World,OWID_WRL,2014,5.558508435672016
World,OWID_WRL,2016,5.543214484291322
World,OWID_WRL,2018,5.385993502524823
World,OWID_WRL,2020,5.051392527897439
World,OWID_WRL,2022,4.986155858198491
