Entity,Code,Year,$30 a day - Share of population in poverty
Bolivia,BOL,2000,92.77967
Bolivia,BOL,2021,83.32213
Denmark,DNK,2000,11.749264
Denmark,DNK,2010,10.870523
India,IND,1977,99.965706
India,IND,2021,99.70236
Norway,NOR,2000,18.239098
Norway,NOR,2010,7.9340296
Poland,POL,2000,94.207146
Poland,POL,2010,87.76012
South Korea,KOR,2010,44.736855
Spain,ESP,1980,82.49892
Spain,ESP,1990,70.24579
Spain,ESP,2000,47.456566
Spain,ESP,2010,34.223232
