Entity,Code,Year,$30 a day - Share of population in poverty
Denmark,DNK,2000,18.249365
Denmark,DNK,2010,16.208862
India,IND,1977,99.9752
India,IND,2021,99.77691
Norway,NOR,2000,20.244799
Norway,NOR,2010,8.8311405
Poland,POL,2000,95.42205
Poland,POL,2010,90.06504
South Korea,KOR,2010,45.498447
Spain,ESP,1980,87.99981
Spain,ESP,1990,79.74911
Spain,ESP,2000,58.49694
Spain,ESP,2010,44.144142
