Entity,Code,Year,$2.15 a day - Poverty gap index
Canada,CAN,1971,1.6267426
Canada,CAN,1990,0.9765509
Canada,CAN,2000,0.1460163
Canada,CAN,2010,0.11041715
India (rural),,2021,2.1821637
Iran,IRN,1990,2.2067227
Russia,RUS,2000,0.69917184
Russia,RUS,2010,0.018504927
