Entity,Code,Year,Oil consumption - TWh,Gas consumption - TWh,Coal consumption - TWh,Hydro generation - TWh,Solar generation - TWh,Wind generation - TWh,Nuclear generation - TWh,Other renewables (including geothermal and biomass) electricity generation - TWh
World,OWID_WRL,1965,17996.53,6303.8267,16140.178,923.19806,0.0,0.0,25.539724,17.985231
World,OWID_WRL,1970,26520.377,9614.819,17058.607,1174.6497,0.0,0.0,78.87466,25.701897
World,OWID_WRL,1980,35525.133,14236.961,20857.61,1731.6493,0.0,0.0105,711.9242,49.717464
World,OWID_WRL,1990,37676.57,19481.125,25906.625,2158.854,0.38834995,3.6324706,2000.596,117.21735
World,OWID_WRL,2000,42978.04,23994.258,27434.627,2646.7285,1.0594312,31.409636,2580.6675,184.89665
World,OWID_WRL,2010,47971.41,31593.695,41937.48,3430.1318,33.912262,346.40918,2768.2646,378.83444
World,OWID_WRL,2022,52969.59,39413.043,44854.035,4334.19,1322.6157,2104.8396,2679.0112,776.85657
