Entity,Code,Year,Primary energy consumption (TWh)
Africa,,1965,716.3206
Africa,,1970,893.0353
Africa,,1980,1692.1438
Africa,,1990,2607.7954
Africa,,2000,3195.7798
Africa,,2010,4450.7515
Africa,,2022,5626.826
Croatia,HRV,1990,100.82002
Croatia,HRV,2000,96.54981
Croatia,HRV,2010,108.26423
Croatia,HRV,2022,94.58519
Serbia,SRB,2010,200.62114
