Entity,Code,Year,Nuclear (% direct primary energy),Renewables (% direct primary energy),Fossil fuels (% direct primary energy)
World,OWID_WRL,1965,0.061665893,2.2942982,97.64403
World,OWID_WRL,1970,0.14475991,2.227804,97.62743
World,OWID_WRL,1980,0.97329485,2.480202,96.54651
World,OWID_WRL,1990,2.2876594,2.7292054,94.98314
World,OWID_WRL,2000,2.581065,2.9974735,94.42146
World,OWID_WRL,2010,2.1432848,3.78527,94.07145
World,OWID_WRL,2022,1.7901441,6.5068417,91.70302
