Entity,Code,Year,popw_priv_libs_vdem_owid,popw_priv_libs_vdem_high_owid,popw_priv_libs_vdem_low_owid
Africa,,1800,0.105966076,0.18346983,0.056525458
Africa,,1850,0.1599177,0.24854487,0.090578504
Africa,,1900,0.1311604,0.20257206,0.079212286
Africa,,1950,0.26552355,0.35685351,0.18378817
Africa,,2000,0.6185741,0.71785975,0.5107341
Africa,,2022,0.6088113,0.7152337,0.49762282
