Entity,Code,Year,popw_priv_libs_vdem_owid,popw_priv_libs_vdem_high_owid,popw_priv_libs_vdem_low_owid
World,OWID_WRL,1800,0.12064959,0.20164458,0.07076308
World,OWID_WRL,1850,0.1777884,0.25061545,0.11547602
World,OWID_WRL,1900,0.31116167,0.40582493,0.2292705
World,OWID_WRL,1950,0.41055402,0.4852839,0.3281135
World,OWID_WRL,2000,0.6175406,0.69933826,0.5219201
World,OWID_WRL,2022,0.55118436,0.6433716,0.45191243
