Entity,Code,Year,consumption_co2_per_energy,production_co2_per_energy
United Kingdom,GBR,1995,0.226941024,0.231045323
United Kingdom,GBR,2000,0.214832537,0.218069761
United Kingdom,GBR,2005,0.208601762,0.214121054
United Kingdom,GBR,2010,0.230932093,0.217519253
United Kingdom,GBR,2015,0.172986923,0.164032213
United Kingdom,GBR,2020,,0.133505243
