Entity,Code,Year,consumption_based_energy,production_based_energy
United Kingdom,GBR,1995,2849.858721,2452.194022
United Kingdom,GBR,2000,3239.211145,2602.768175
United Kingdom,GBR,2005,3483.416162,2661.868618
United Kingdom,GBR,2010,2955.698753,2352.121124
United Kingdom,GBR,2015,3303.000827,2574.738822
United Kingdom,GBR,2020,3110.503134,2468.658927
