Entity,Code,Year,labour_force_dependency_ratio,age_dependency_ratio,high_labour_force_dependency
United Kingdom,GBR,2015,100.0,100.0,100.0
United Kingdom,GBR,2020,101.0529472,105.8874859,99.0367173
United Kingdom,GBR,2030,107.5317898,117.3598361,99.9515075
United Kingdom,GBR,2040,110.1594549,124.1307649,97.876741
United Kingdom,GBR,2050,113.6961647,129.9572592,97.447499
United Kingdom,GBR,2060,118.1306754,140.5887008,102.1855341
