Entity,Code,Year,Share under $2 per day,Share under $20 per day,Share under $5 per day,Share under $10 per day,Share under $5.2 a day (roughly equivalent to the international poverty line)
United Kingdom,GBR,1820,24.1043838492143,89.6506087510891,53.1459743483426,74.8703570841492,54.4749878319419
United Kingdom,GBR,1850,3.73818905755824,85.272719758402,25.6009959024188,57.7793956349595,27.1763068056063
United Kingdom,GBR,1950,0.0001870776260044,31.8366271906085,0.147639135344678,4.24947717462689,0.185469944781035
United Kingdom,GBR,2000,5.97448798448553e-07,2.09019817130254,0.0011076441351203,0.0848387739804083,0.0014602333439163
United Kingdom,GBR,2017,3.12252703484881e-08,0.822857464896543,0.0001450442670623,0.020145837895622,0.0001982240160957
