Entity,Code,Year,Number of people not living in extreme poverty,Number of people living in extreme poverty
World,OWID_WRL,1820,125329123.673052,933976161.841426
World,OWID_WRL,1850,171879807.88148,1072886336.62022
World,OWID_WRL,1950,953528739.017786,1563914260.98221
World,OWID_WRL,2000,4419301984.53874,1695030551.46126
World,OWID_WRL,2017,6819954765.44733,689110939.552674
