Entity,Code,Year,"Solar (TWh, substituted energy)","Solar (TWh, direct energy)","Wind (TWh, direct energy)","Wind (TWh, substituted energy)","Nuclear (TWh, direct energy)","Nuclear (TWh, substituted energy)"
World,OWID_WRL,1965,0.0,0.0,0.0,0.0,25.539724,72.469345
World,OWID_WRL,1970,0.0,0.0,0.0,0.0,78.87466,223.80801
World,OWID_WRL,1980,0.0,0.0,0.0105,0.031048333,711.9242,2020.0956
World,OWID_WRL,1990,1.1483465,0.38834995,3.6324706,10.741176,2000.596,5676.7207
World,OWID_WRL,2000,3.1327264,1.0594312,31.409636,92.87796,2580.6675,7322.6826
World,OWID_WRL,2010,94.12616,33.912262,346.40918,961.486,2768.2646,7373.091
World,OWID_WRL,2022,3448.2373,1322.6157,2104.8396,5487.6,2679.0112,6702.3394
