Entity,Code,Year,Solar generation - TWh,Wind generation - TWh,Hydro generation - TWh,Other renewables (including geothermal and biomass) electricity generation - TWh
World,OWID_WRL,1965,0.0,0.0,923.19806,17.985231
World,OWID_WRL,1970,0.0,0.0,1174.6497,25.701897
World,OWID_WRL,1980,0.0,0.0105,1731.6493,49.717464
World,OWID_WRL,1990,0.38834995,3.6324706,2158.854,117.21735
World,OWID_WRL,2000,1.0594312,31.409636,2646.7285,184.89665
World,OWID_WRL,2010,33.912262,346.40918,3430.1318,378.83444
World,OWID_WRL,2022,1322.6157,2104.8396,4334.19,776.85657
