Entity,Code,Year,Local (US Bureau of the Census and NCES (2017)),State (US Bureau of the Census and NCES (2017)),Federal/Unassigned (US Bureau of the Census and NCES (2017))
United States,USA,1890,0.740458015,0.198473282,0.152671756
United States,USA,1900,0.796791444,0.203208556,0.176470588
United States,USA,1920,0.883060109,0.174863388,0.00273224
United States,USA,1940,1.515088757,0.674556213,0.039250493
United States,USA,1960,1.581838906,1.095744681,0.123784195
United States,USA,1980,1.507435637,1.626513181,0.340860694
United States,USA,2000,1.620183726,1.855130901,0.272299315
United States,USA,2010,1.78391335,1.765736087,0.518388707
