Entity,Code,Year,$2.15 a day - Share of population in poverty,$3.65 a day - Share of population in poverty,$6.85 a day - Share of population in poverty,$10 a day - Share of population in poverty,$20 a day - Share of population in poverty,$30 a day - Share of population in poverty,$40 a day - Share of population in poverty
World,OWID_WRL,1990,37.98679,56.57607,69.18445,74.60279,83.355835,88.61149,92.175285
World,OWID_WRL,1995,32.914917,54.348778,70.132095,76.03111,84.08772,88.64672,92.01065
World,OWID_WRL,2000,29.343117,51.23205,69.02132,75.72394,83.76252,88.02557,91.26628
World,OWID_WRL,2005,21.764864,43.880753,64.235916,72.77265,82.620224,87.169846,90.55689
World,OWID_WRL,2010,16.306969,36.544262,57.904823,67.938736,80.670044,86.00246,89.69212
World,OWID_WRL,2015,10.830179,29.01758,51.303726,62.87753,79.07051,85.44222,89.42851
World,OWID_WRL,2019,9.070182,24.133038,47.026695,59.317978,77.14279,84.17817,88.37369
