Entity,Code,Year,% global total RPKs
Australia,AUS,2018,2.5932907213622745
Azerbaijan,AZE,2018,0.0477443285079848
Bolivia,BOL,2018,0.0515623625635925
Brazil,BRA,2018,1.9510910129334729
Bulgaria,BGR,2018,0.0992266372462949
Egypt,EGY,2018,0.3370369217203852
Georgia,GEO,2018,0.0498205804712503
Greece,GRC,2018,0.5156448585500091
Mexico,MEX,2018,1.4173045360430832
Venezuela,VEN,2018,0.0460071941683472
