Entity,Code,Year,Share of total deaths - Both Sexes - All ages
Armenia,ARM,1990,0.92302096
Armenia,ARM,2000,0.36628512
Armenia,ARM,2010,0.15400594
Armenia,ARM,2019,0.09165553
Egypt,EGY,1965,0.03619703
Egypt,EGY,1980,0.08807603
Egypt,EGY,2000,0.01308428
Egypt,EGY,2010,0.01525603
Egypt,EGY,2019,0.01682499
