Entity,Code,Year,% global total RPKs
Australia,AUS,2018,2.5932907213622745
Brazil,BRA,2018,1.9510910129334729
Canada,CAN,2018,2.330203245149283
China,CHN,2018,13.425563784519564
France,FRA,2018,2.592541286152297
Sweden,SWE,2018,0.3931002232790848
Switzerland,CHE,2018,0.6039433280961144
United Arab Emirates,ARE,2018,2.742814946594857
United Kingdom,GBR,2018,4.120525505814339
United States,USA,2018,23.236624391732004
