Entity,Code,Year,$1.90 a day - Share of population in poverty,$3.20 a day - Share of population in poverty,$5.50 a day - Share of population in poverty,$10 a day - Share of population in poverty,$20 a day - Share of population in poverty,$30 a day - Share of population in poverty,$40 a day - Share of population in poverty
World,OWID_WRL,1990,36.45887,55.64414,67.25632,75.805885,84.52558,89.76959,93.22838
World,OWID_WRL,1995,31.27503,52.955265,67.65809,77.19656,85.06965,89.6505,93.01168
World,OWID_WRL,2000,27.883118,49.679363,66.04159,77.094376,84.66587,88.97941,92.25811
World,OWID_WRL,2005,20.901423,42.359753,60.594803,74.2721,83.563225,88.18403,91.61981
World,OWID_WRL,2010,15.818551,35.340286,54.03635,69.74416,81.76809,87.073006,90.77638
World,OWID_WRL,2015,10.974812,28.235678,47.06801,65.02759,80.33075,86.550644,90.531654
World,OWID_WRL,2019,9.361322,23.69259,42.829044,61.672592,78.48368,85.30852,89.475716
