Entity,Code,Year,$2.15 a day - Share of population in poverty
Armenia,ARM,2005,2.6295705
Armenia,ARM,2010,0.9514653
Armenia,ARM,2015,1.1463602
Armenia,ARM,2021,0.5235208
Botswana,BWA,1985,41.79435
Botswana,BWA,2015,15.426243
Croatia,HRV,2000,0.08932984
Croatia,HRV,2010,0.0
Croatia,HRV,2015,0.5948145
Russia,RUS,2000,2.9754066
Russia,RUS,2005,0.7747562
Russia,RUS,2010,0.08332945
Russia,RUS,2015,0.03634019
