Entity,Code,Year,% global international CO2
Brunei,BRN,2018,0.0227597492959878
Bulgaria,BGR,2018,0.0887331822246825
Germany,DEU,2018,2.764292838775246
Israel,ISR,2018,0.3552923637725654
Jordan,JOR,2018,0.0971491278749498
Mexico,MEX,2018,0.8219227297800968
Philippines,PHL,2018,0.5202427304053667
Trinidad and Tobago,TTO,2018,0.0253873235908202
