Entity,Code,Year,% global domestic RPKs
Australia,AUS,2018,0.8972991520388298
Canada,CAN,2018,0.7421359188368112
China,CHN,2018,9.031600316998205
European Union,,2018,9.255159646179465
Germany,DEU,2018,0.1452203318801732
India,IND,2018,1.4690537906225452
New Zealand,NZL,2018,0.0901157412555507
Russia,RUS,2018,1.1858336428500178
United States,USA,2018,15.613167074273212
