Entity,Code,Year,% global domestic RPKs
Belgium,BEL,2018,0.0
Cambodia,KHM,2018,0.00233801061546
Hungary,HUN,2018,1.02417041194e-05
Japan,JPN,2018,1.123107212984806
Netherlands,NLD,2018,0.0747486336539874
Norway,NOR,2018,0.1052025929574535
Papua New Guinea,PNG,2018,0.0117859188584187
Romania,ROU,2018,0.0064810766834725
Turkey,TUR,2018,0.3961949135902644
