Entity,Code,Year,% global international RPKs
Australia,AUS,2018,1.6959915693234444
Canada,CAN,2018,1.5880673263124718
China,CHN,2018,4.393963467521359
Germany,DEU,2018,2.761954092774287
Norway,NOR,2018,0.2328065188536567
South Africa,ZAF,2018,0.4408730276267126
Sweden,SWE,2018,0.3410183845429548
Switzerland,CHE,2018,0.6017106258893331
United Arab Emirates,ARE,2018,2.74279275235644
United Kingdom,GBR,2018,3.979238831230559
United States,USA,2018,7.623457317458791
