Entity,Code,Year,Coal - % electricity,Gas - % electricity,Hydro - % electricity,Solar - % electricity,Wind - % electricity,Oil - % electricity,Nuclear - % electricity,Other renewables excluding bioenergy - % electricity,Bioenergy - % electricity
World,OWID_WRL,1985,37.91585,14.427469,20.020555,0.00011882865,0.0006496035,11.235866,15.060815,,
World,OWID_WRL,1990,37.29,14.962873,18.049171,0.0032468128,0.030369394,11.40949,16.72605,,
World,OWID_WRL,1995,37.654873,15.217454,18.560068,0.004774236,0.061815836,9.415305,17.355776,,
World,OWID_WRL,2000,38.134552,17.870209,17.360273,0.00714864,0.20664863,8.392966,16.692934,0.32863885,1.0066344
World,OWID_WRL,2005,39.66723,19.988752,16.177504,0.021867823,0.58273286,7.0174513,15.066038,0.3141826,1.1642385
World,OWID_WRL,2010,39.892258,22.327694,16.234488,0.1522578,1.6418496,5.0985475,12.8221655,0.31723535,1.5135127
World,OWID_WRL,2015,38.82833,22.73597,16.297554,1.076429,3.4869585,4.7156415,10.540538,0.33792272,1.9806564
World,OWID_WRL,2020,35.332268,23.454227,16.408636,3.2023754,6.0077243,3.0040512,9.968609,0.34923178,2.27288
World,OWID_WRL,2022,35.631092,22.482134,14.963165,4.570744,7.3216615,3.1546373,9.183322,0.3377414,2.3555021
