Entity,Code,Year,Oil (% equivalent primary energy),Coal (% equivalent primary energy),Solar (% equivalent primary energy),Nuclear (% equivalent primary energy),Hydro (% equivalent primary energy),Wind (% equivalent primary energy),Gas (% equivalent primary energy),Other renewables (% equivalent primary energy)
World,OWID_WRL,1965,41.554867,37.268463,0.0,0.16733527,6.3034415,0.0,14.555844,0.12918918
World,OWID_WRL,1970,46.539326,29.935324,0.0,0.39274982,6.0953474,0.0,16.87258,0.14098118
World,OWID_WRL,1980,45.576084,26.75875,0.0,2.5916312,6.5691776,3.9832685e-05,18.264954,0.19729923
World,OWID_WRL,1990,39.4088,27.097713,0.0012011431,5.937715,6.6772065,0.011235015,20.376795,0.3777976
World,OWID_WRL,2000,38.944717,24.859995,0.0028387322,6.6354775,7.0918746,0.08416172,21.74249,0.51800376
World,OWID_WRL,2010,33.9439,29.674377,0.06660236,5.2170963,6.736645,0.6803341,22.355259,0.83063805
World,OWID_WRL,2022,31.569416,26.732615,2.0551193,3.994536,6.7345924,3.270562,23.48983,1.4386083
