Entity,Code,Year,Share of global forest expansion
China,CHN,1990,28.91925
China,CHN,2000,26.7374
China,CHN,2010,32.38199999999999
China,CHN,2015,41.3998
India,IND,1990,9.36625
India,IND,2000,8.200000000000001
India,IND,2010,13.354285714285712
India,IND,2015,18.696
Russia,RUS,2000,5.8671
Russia,RUS,2010,0.0
Russia,RUS,2015,1.5246000000000002
Sweden,SWE,1990,0.268625
Sweden,SWE,2000,0.1182
Sweden,SWE,2010,0.2792857142857143
Sweden,SWE,2015,0.261
