Entity,Code,Year,% global domestic CO2
Argentina,ARG,2018,0.2069178810789644
Ethiopia,ETH,2018,0.0162524309663243
Germany,DEU,2018,0.2045507103500484
Mauritius,MUS,2018,0.0014841899852368
Panama,PAN,2018,0.0043168627196992
South Africa,ZAF,2018,0.1941447894353618
Uzbekistan,UZB,2018,0.007266578791994
