Entity,Code,Year,Share of global forest area
Central Asia,,2020,0.3205403342115598
Dominica,DMA,2020,0.0011793737528328
Georgia,GEO,2020,0.0695355019844484
Iceland,ISL,2020,0.001265110553749
Isle of Man,IMN,2020,8.5244060681e-05
Nicaragua,NIC,2020,0.0839513566741311
North Macedonia,MKD,2020,0.0246737209050472
Togo,TGO,2020,0.0297927992080265
