Entity,Code,Year,Share of global forest area
Australia,AUS,2020,3.301485224268784
Brazil,BRA,2020,12.235222924219109
China,CHN,2020,5.419605007059723
India,IND,2020,1.7778067684232577
Indonesia,IDN,2020,2.2698867316587257
Russia,RUS,2020,20.086841475249383
Sweden,SWE,2020,0.6893435889756477
United States,USA,2020,7.632423057423546
