Entity,Code,Year,Share of people who are happy (World Value Survey 2014 - first and last waves)
Argentina,ARG,1984,78.57142639
Argentina,ARG,2014,87.20703125
Azerbaijan,AZE,2014,81.8363266
Brazil,BRA,2014,91.78451538
Estonia,EST,2014,75.44088745
Georgia,GEO,2014,69.5507431
Germany,DEU,2014,86.13424683
India,IND,2014,80.51865387
Russia,RUS,2014,73.18054199
Sweden,SWE,2014,95.26184845
Uruguay,URY,2014,86.34538269
Zimbabwe,ZWE,2014,82.1333313
