Entity,Code,Year,share_farms_under2ha_number
Austria,AUT,2000,14.59367323
Brazil,BRA,1996,20.32436557
Chile,CHL,1997,24.79367567
China,CHN,1997,97.9053586
Cote d'Ivoire,CIV,2001,56.31069004
Ethiopia,ETH,2002,87.13453994
India,IND,2001,81.80309273
Indonesia,IDN,1993,87.59405972
Malawi,MWI,1993,94.99665688
Pakistan,PAK,2000,57.62480185
United Kingdom,GBR,2000,13.88210075
Vietnam,VNM,2001,94.8119849
