Entity,Code,Year,share_farms_under2ha_area
Belgium,BEL,2000,0.867688081
Brazil,BRA,1996,0.259647285
Cote d'Ivoire,CIV,2001,10.07605598
India,IND,2001,38.85654416
Indonesia,IDN,1993,54.59002827
Italy,ITA,2000,5.965636723
Namibia,NAM,1997,15.78854792
Nepal,NPL,2002,68.72206378
Netherlands,NLD,2000,0.984687111
United Kingdom,GBR,2000,0.283767243
