Entity,Code,Year,% global international RPKs
Bangladesh,BGD,2018,0.1624781972633043
Brunei,BRN,2018,0.0248941032507902
El Salvador,SLV,2018,0.0602389062095108
Israel,ISR,2018,0.3968462720779022
Italy,ITA,2018,1.338843794236135
Kenya,KEN,2018,0.1401923089781378
Latvia,LVA,2018,0.0505787716500216
Mongolia,MNG,2018,0.0121106817256521
Oman,OMN,2018,0.1851913595822946
Russia,RUS,2018,0.9977271033063564
Venezuela,VEN,2018,0.0386820269352265
