Entity,Code,Year,Nuclear (% equivalent primary energy),Renewables (% equivalent primary energy),Fossil fuels (% equivalent primary energy)
World,OWID_WRL,1965,0.16733527,6.453481,93.37918
World,OWID_WRL,1970,0.39274982,6.2600217,93.34723
World,OWID_WRL,1980,2.5916312,6.808579,90.599785
World,OWID_WRL,1990,5.937715,7.178987,86.8833
World,OWID_WRL,2000,6.6354775,7.8173237,85.547195
World,OWID_WRL,2010,5.2170963,8.809362,85.97353
World,OWID_WRL,2022,3.994536,14.213598,81.79186
