Entity,Code,Year,$2.15 a day - Share of population in poverty,$2.15 a day - Number in poverty
World,OWID_WRL,1990,37.98679,2010791080
World,OWID_WRL,1995,32.914917,1884950657
World,OWID_WRL,2000,29.343117,1802935391
World,OWID_WRL,2005,21.764864,1426186343
World,OWID_WRL,2010,16.306969,1136601986
World,OWID_WRL,2015,10.830179,802004893
World,OWID_WRL,2019,9.070182,702275357
