Entity,Code,Year,Total RPKs (billions)
Algeria,DZA,2018,9113496946.73519
Azerbaijan,AZE,2018,4059534016.316201
Bangladesh,BGD,2018,14628785403.279793
China,CHN,2018,1141528943324.967
India,IND,2018,233548141968.0943
Indonesia,IDN,2018,142422682059.9344
Panama,PAN,2018,22230246488.820877
Philippines,PHL,2018,63403525441.73686
Serbia,SRB,2018,3495879968.7549973
Sri Lanka,LKA,2018,15756959792.8126
