Entity,Code,Year,Total RPKs (billions)
Australia,AUS,2018,220498480689.84125
Canada,CAN,2018,198129068608.26172
China,CHN,2018,1141528943324.967
Iceland,ISL,2018,15157080458.874184
India,IND,2018,233548141968.0943
Portugal,PRT,2018,53236742991.58338
South Korea,KOR,2018,133916439950.85938
United Arab Emirates,ARE,2018,233212004946.30823
United Kingdom,GBR,2018,350353936869.2621
United States,USA,2018,1975729266499.6416
