Entity,Code,Year,popw_electdem_vdem_owid,popw_libdem_vdem_owid,popw_egaldem_vdem_owid,popw_participdem_vdem_owid,popw_delibdem_vdem_owid
World,OWID_WRL,1800,0.048727937,0.04407105,,0.023859601,
World,OWID_WRL,1850,0.08582801,0.07211103,,0.04590707,
World,OWID_WRL,1900,0.1419137,0.12326557,0.0802095,0.081117675,0.09116743
World,OWID_WRL,1950,0.26741838,0.21421565,0.225922,0.1588554,0.21822411
World,OWID_WRL,2000,0.4908458,0.38561472,0.36234158,0.31702122,0.429138
World,OWID_WRL,2022,0.39841118,0.2991115,0.2737001,0.2593838,0.30887255
