Entity,Code,Year,electdem_vdem_owid,libdem_vdem_owid,participdem_vdem_owid,delibdem_vdem_owid,egaldem_vdem_owid
World,OWID_WRL,1789,0.0514,0.06663793,0.032953124,,
World,OWID_WRL,1850,0.11403921,0.10768889,0.059287235,,
World,OWID_WRL,1900,0.13405555,0.12335971,0.08009722,0.08372593,0.08186667
World,OWID_WRL,1950,0.21914205,0.17581035,0.124605715,0.15311931,0.17707954
World,OWID_WRL,2000,0.4914382,0.3857288,0.31554237,0.39279774,0.37932023
World,OWID_WRL,2022,0.497,0.3857877,0.31959775,0.3843743,0.37343577
