Entity,Code,Year,popw_electdem_vdem_owid,popw_libdem_vdem_owid,popw_egaldem_vdem_owid,popw_participdem_vdem_owid,popw_delibdem_vdem_owid
Asia,,1800,0.03997378,0.03303646,,0.016810985,
Asia,,1850,0.041089308,0.03305763,,0.019557739,
Asia,,1900,0.065588005,0.059567064,0.04361896,0.0288017,0.033347752
Asia,,1950,0.18186375,0.14394277,0.17212054,0.09974932,0.16655101
Asia,,2000,0.4110397,0.3106978,0.2973616,0.2524009,0.37395424
Asia,,2022,0.2941586,0.2105823,0.19673254,0.18616629,0.22667722
