Entity,Code,Year,fish_other_uses,fishmeal_and_fish_oil,fish_catch_direct_consumption
El Salvador,SLV,1950,1.0734459360000002,1.0734459360000002,2456.494242869
El Salvador,SLV,1960,3.140117206,3.140117206,82189.67767278002
El Salvador,SLV,1970,5.437933642799999,5.437933642799999,106444.879095157
El Salvador,SLV,1980,2.1481224347,529.6987192017001,29869.425583569
El Salvador,SLV,1990,4.854975852,9327.376837338998,40796.845710942005
El Salvador,SLV,2000,6.649715706,9324.520946801,31610.34043159
El Salvador,SLV,2010,7.989610541,4870.851700802001,30120.179857191
El Salvador,SLV,2015,7.218863383,7016.446824332,31107.489454259
