Entity,Code,Year,fish_other_uses,fishmeal_and_fish_oil,fish_catch_direct_consumption
World,OWID_WRL,1950,180258.90754432583,2227546.1715659676,25720079.74130167
World,OWID_WRL,1960,332019.1555287838,7549422.333598881,41600789.57367136
World,OWID_WRL,1970,639151.1702309283,23212275.704125684,64408327.59882357
World,OWID_WRL,1980,1301119.050171413,16992551.114517387,71711318.00604442
World,OWID_WRL,1990,1922846.197399032,22070625.906668857,88374479.09002897
World,OWID_WRL,2000,3039487.301736066,25541606.767491613,92265487.41625744
World,OWID_WRL,2010,3143378.0463034636,14253983.271055,87860873.62760748
World,OWID_WRL,2015,3906293.177174477,14595406.116411882,90794613.82110468
