Entity,Code,Year,popw_wom_pol_par_vdem_owid,popw_wom_pol_par_vdem_high_owid,popw_wom_pol_par_vdem_low_owid
World,OWID_WRL,1800,0.24500917,0.29282492,0.19437586
World,OWID_WRL,1850,0.25345567,0.30199823,0.20309635
World,OWID_WRL,1900,0.22618859,0.27424315,0.17428984
World,OWID_WRL,1950,0.5236235,0.5830216,0.4641359
World,OWID_WRL,2000,0.7891681,0.82707226,0.7542801
World,OWID_WRL,2022,0.8471143,0.88228846,0.8167496
