Entity,Code,Year,popw_wom_civ_soc_vdem_owid,popw_wom_civ_soc_vdem_high_owid,popw_wom_civ_soc_vdem_low_owid
World,OWID_WRL,1800,0.06461982,0.14641689,0.024856003
World,OWID_WRL,1850,0.09342111,0.1872019,0.042992868
World,OWID_WRL,1900,0.1454104,0.25263494,0.075384565
World,OWID_WRL,1950,0.38467515,0.5384322,0.24633977
World,OWID_WRL,2000,0.6384959,0.7742107,0.48676214
World,OWID_WRL,2022,0.63502425,0.7708237,0.47611323
