Entity,Code,Year,popw_wom_civ_libs_vdem_owid,popw_wom_civ_libs_vdem_high_owid,popw_wom_civ_libs_vdem_low_owid
World,OWID_WRL,1800,0.06828694,0.12714253,0.03314464
World,OWID_WRL,1850,0.102101,0.17065689,0.057652395
World,OWID_WRL,1900,0.2539479,0.3529235,0.1687164
World,OWID_WRL,1950,0.37244654,0.4822232,0.26867262
World,OWID_WRL,2000,0.6149769,0.72777903,0.48497579
World,OWID_WRL,2022,0.5936585,0.72161204,0.46006805
