Entity,Code,Year,popw_wom_emp_vdem_owid,popw_wom_emp_vdem_high_owid,popw_wom_emp_vdem_low_owid
South America,,1800,0.110279754,0.14796308,0.055003155
South America,,1850,0.161,0.212,0.092
South America,,1900,0.24850169,0.31053144,0.18064845
South America,,1950,0.39882943,0.47074685,0.3233833
South America,,2000,0.7816273,0.84316623,0.7272601
South America,,2022,0.77301943,0.8451443,0.721449
