Entity,Code,Year,popw_wom_emp_vdem_owid,popw_wom_emp_vdem_high_owid,popw_wom_emp_vdem_low_owid
World,OWID_WRL,1800,0.1211892,0.14695896,0.08872359
World,OWID_WRL,1850,0.12684572,0.15280241,0.09316569
World,OWID_WRL,1900,0.21083237,0.25656423,0.16357933
World,OWID_WRL,1950,0.43410215,0.49502683,0.3648987
World,OWID_WRL,2000,0.6788091,0.7442442,0.6177119
World,OWID_WRL,2022,0.6896821,0.7571652,0.6265141
