Entity,Code,Year,Wheat yield,Rice yield,Barley yield,Maize yield,Rye yield,Oats yield,Millet yield,Sorghum yield,Potatoes yield
World,OWID_WRL,1961,1.0889,1.8693,1.3282,1.9423,1.1604999,1.2961,0.5925,0.8896,12.2157
World,OWID_WRL,1970,1.4941,2.3808,1.8054999,2.3509,1.382,1.7084,0.73749995,1.1287,14.347799
World,OWID_WRL,1980,1.8554,2.7482,1.9977,3.1534,1.5562999,1.6775999,0.6477,1.3,12.800699
World,OWID_WRL,1990,2.5626,3.5286,2.4157,3.6906998,2.2712998,1.9303,0.8009,1.3658999,15.1119995
World,OWID_WRL,2000,2.7316,3.8874,2.4542,4.3236,2.0454,2.0733,0.74549997,1.3572999,16.223299
World,OWID_WRL,2010,2.9721,4.3178997,2.5948,5.1579,2.373,2.1415,0.9108,1.4269999,18.0847
World,OWID_WRL,2021,3.4919,4.7641997,2.9754999,5.8785996,3.0504,2.3604,0.9727,1.4994,20.7426
